[
  {
    "name": "John Doe",
    "score": 10,
    "summary": "**Summary:**\nJohn Doe is an experienced professional with a Master of Business Administration (MBA) in Strategy and Data Analytics from INSEAD and a Bachelor of Science in Computer Science with a focus on Applied Mathematics and Artificial Intelligence from University College London. With over 9 years of experience, John has held roles such as Senior Data & AI Strategist at Infosys and Head of Data & Analytics at TechCorp Solutions. His technical skills include expertise in cloud-native data estates, data pipelines, applied mathematics, and machine learning. John also possesses strong soft skills in project management, P&L management, public speaking, leadership, and more.\n\n**Evaluation:**\nJohn Doe's background aligns well with the requirements for the Data & AI Strategist role at Infosys. He has experience in leading data and analytics functions, possesses technical skills in modern data engineering technologies, and demonstrates soft skills such as leadership, communication, and strategic planning, which are essential for the position. Additionally, his educational background in both business and computer science provides a solid foundation for this role.\n\n**Recommendation:**\nI recommend considering John Doe for the Data & AI Strategist position at Infosys. His extensive experience in data and AI strategy, coupled with a strong skill set and educational background, make him a suitable candidate for leading strategic initiatives, developing data-led transformation projects, and representing Infosys' thought leadership effectively.\n\nConsidering John's qualifications and experience, he is a strong fit for the Data & AI Strategist role."
  },
  {
    "name": "Antonio Ochotorena",
    "score": 4.5,
    "summary": "**Summary:**\nAntonio Ochotorena holds a Master of Science and a Bachelor's Degree in Biomedical Engineering. With nearly 4 years of experience in roles such as Strategy Business Consultant and Data Science Unit, he has developed technical skills in Python, SQL, Tableau, and TensorFlow, among others. Antonio also possesses soft skills like communication, attention to detail, and motivation.\n\n**Evaluation:**\nAntonio's background in Biomedical Engineering and experience in strategy consulting and data science make him a strong candidate for the Data & AI Strategist role at Infosys. He has technical skills in programming, data analysis, and visualization, along with soft skills in communication and strategic planning, aligning well with the job requirements.\n\n**Recommendation:**\nI recommend considering Antonio Ochotorena for the Data & AI Strategist position at Infosys. His educational background, work experience, technical skills, and soft skills closely match the job description's requirements. Antonio's diverse skill set and experience in strategic roles make him a suitable candidate to lead data and AI initiatives at Infosys."
  },
  {
    "name": "Jan Korczynski",
    "score": 3.0,
    "summary": "**Summary:**\nJan Korczynski holds a Bachelor of Science in Artificial Intelligence and has gained practical experience through internships and roles in AI, IT management, and backend engineering. He possesses technical skills in Python, machine learning, backend development, and data analytics, along with soft skills such as communication, timekeeping, and fast learning abilities. With less than a year of total work experience, Jan is a fast learner and adaptable.\n\n**Evaluation:**\nWhile Jan has a strong foundation in AI and relevant technical skills, he lacks direct experience in leading business functions or units in specific industries highlighted in the job description. Additionally, he may need further exposure to advanced data engineering technologies and financial analysis.\n\n**Recommendation:**\nGiven Jan's current experience level and skill set, he may be better suited for entry-level or junior roles in AI or data analytics where he can continue to develop his technical expertise and gain exposure to different industry sectors. Further growth in leadership, financial analysis, and advanced data engineering technologies would enhance his readiness for a role like Data & AI Strategist in the future."
  }
]